customer_id,first_name,last_name,email,city,state,signup_date,loyalty_tier,phone,is_active
C001,Riya,Singh,riya.singh1@gmail.com,Mumbai,Mumbai,2022-10-09,Bronze,9249827706,true
C002,Rohit,Malhotra,rohit.malhotra2@gmail.com,Delhi,Delhi,2023-08-28,Silver,9131994523,true
C003,Gaurav,Chopra,gaurav.chopra3@gmail.com,Surat,Surat,2022-01-28,Silver,9868820204,true
C004,Priya,Agarwal,priya.agarwal4@gmail.com,Hyderabad,Hyderabad,2023-04-05,Silver,9969119330,true
C005,Sanjay,Gupta,sanjay.gupta5@gmail.com,Kolkata,Kolkata,2022-12-15,Bronze,9331191390,true
C006,Kiran,Singh,kiran.singh6@gmail.com,Delhi,Delhi,2023-01-25,Bronze,9469319644,true
C007,Shreya,Verma,shreya.verma7@gmail.com,Ahmedabad,Ahmedabad,2023-07-04,Bronze,9506448196,true
C008,Kavya,Tiwari,kavya.tiwari8@gmail.com,Pune,Pune,2023-08-15,Bronze,9174684276,false
C009,Gaurav,Nair,gaurav.nair9@gmail.com,Delhi,Delhi,2022-08-27,Gold,9508157429,true
C010,Riya,Reddy,riya.reddy10@gmail.com,Bangalore,Bangalore,2023-01-15,Bronze,9819595113,true
C011,Varun,Patel,varun.patel11@gmail.com,Surat,Surat,2023-10-13,Bronze,9882893941,true
C012,Neha,Mishra,neha.mishra12@gmail.com,Chennai,Chennai,2023-10-18,Silver,9335809993,true
C013,Sneha,Verma,sneha.verma13@gmail.com,Hyderabad,Hyderabad,2022-02-02,Gold,9530747414,true
C014,Divya,Saxena,divya.saxena14@gmail.com,Pune,Pune,2022-08-06,Silver,9524806516,true
C015,Riya,Pandey,riya.pandey15@gmail.com,Bangalore,Bangalore,2022-09-29,Bronze,9899925830,true
C016,Ishaan,Saxena,ishaan.saxena16@gmail.com,Kolkata,Kolkata,2023-08-21,Bronze,9335493870,true
C017,Arjun,Chopra,arjun.chopra17@gmail.com,Ahmedabad,Ahmedabad,2022-04-04,Gold,9217734861,true
C018,Deepika,Agarwal,deepika.agarwal18@gmail.com,Surat,Surat,2022-03-07,Bronze,9739830322,true
C019,Pooja,Rao,pooja.rao19@gmail.com,Jaipur,Jaipur,2022-01-12,Silver,9222998994,true
C020,Priya,Rao,priya.rao20@gmail.com,Pune,Pune,2022-04-25,Bronze,9269820594,true
C021,Sandeep,Rao,sandeep.rao21@gmail.com,Jaipur,Jaipur,2022-07-02,Silver,9214257751,true
C022,Kavya,Chopra,kavya.chopra22@gmail.com,Surat,Surat,2022-07-23,Bronze,9918739736,true
C023,Sanjay,Chopra,sanjay.chopra23@gmail.com,Mumbai,Mumbai,2023-09-06,Bronze,9120912992,true
C024,Manish,Nair,manish.nair24@gmail.com,Hyderabad,Hyderabad,2022-03-01,Bronze,9709194872,true
C025,Amit,Bose,amit.bose25@gmail.com,Delhi,Delhi,2023-06-30,Gold,9237859287,true
C026,Priya,Gupta,priya.gupta26@gmail.com,Chennai,Chennai,2023-06-25,Gold,9554340903,true
C027,Varun,Malhotra,varun.malhotra27@gmail.com,Hyderabad,Hyderabad,2022-11-16,Bronze,9821218382,true
C028,Neha,Chopra,neha.chopra28@gmail.com,Ahmedabad,Ahmedabad,2022-05-04,Bronze,9168747287,true
C029,Rahul,Malhotra,rahul.malhotra29@gmail.com,Hyderabad,Hyderabad,2023-08-26,Bronze,9176228245,true
C030,Aditi,Mehta,aditi.mehta30@gmail.com,Delhi,Delhi,2022-02-02,Gold,9176082500,true
C031,Ishaan,Bose,ishaan.bose31@gmail.com,Hyderabad,Hyderabad,2023-07-07,Bronze,9713152854,true
C032,Gaurav,Bose,gaurav.bose32@gmail.com,Kolkata,Kolkata,2022-07-14,Bronze,9807577342,true
C033,Mohit,Agarwal,mohit.agarwal33@gmail.com,Ahmedabad,Ahmedabad,2022-02-25,Silver,9793830224,true
C034,Meera,Iyer,meera.iyer34@gmail.com,Delhi,Delhi,2022-09-12,Bronze,9675832441,true
C035,Mohit,Gupta,mohit.gupta35@gmail.com,Chennai,Chennai,2023-04-19,Bronze,9180943908,true
C036,Suresh,Malhotra,suresh.malhotra36@gmail.com,Delhi,Delhi,2022-02-21,Silver,9680451872,true
C037,Amit,Mehta,amit.mehta37@gmail.com,Bangalore,Bangalore,2023-02-21,Silver,9329509408,true
C038,Tanvi,Verma,tanvi.verma38@gmail.com,Bangalore,Bangalore,2023-01-24,Bronze,9519212169,true
C039,Shreya,Pandey,shreya.pandey39@gmail.com,Chennai,Chennai,2023-03-10,Silver,9884374109,true
C040,Priya,Bose,priya.bose40@gmail.com,Bangalore,Bangalore,2022-07-14,Bronze,9162795957,true
C041,Priya,Verma,priya.verma41@gmail.com,Pune,Pune,2022-02-28,Bronze,9611947770,true
C042,Suresh,Chopra,suresh.chopra42@gmail.com,Bangalore,Bangalore,2022-02-28,Platinum,9186019028,true
C043,Amit,Tiwari,amit.tiwari43@gmail.com,Delhi,Delhi,2023-11-23,Gold,9533550699,true
C044,Tanvi,Saxena,tanvi.saxena44@gmail.com,Hyderabad,Hyderabad,2023-08-16,Silver,9765055833,true
C045,Rohit,Saxena,rohit.saxena45@gmail.com,Surat,Surat,2023-06-20,Bronze,9379995032,true
C046,Sahil,Iyer,sahil.iyer46@gmail.com,Hyderabad,Hyderabad,2022-09-29,Bronze,9821221887,true
C047,Neha,Iyer,neha.iyer47@gmail.com,Delhi,Delhi,2022-01-10,Silver,9704509817,true
C048,Amit,Malhotra,amit.malhotra48@gmail.com,Hyderabad,Hyderabad,2023-06-03,Bronze,9474745382,true
C049,Tanvi,Mehta,tanvi.mehta49@gmail.com,Pune,Pune,2022-10-19,Bronze,9995226828,true
C050,Kavya,Tiwari,kavya.tiwari50@gmail.com,Jaipur,Jaipur,2022-01-09,Silver,9695499669,true
C051,Rohit,Singh,rohit.singh51@gmail.com,Bangalore,Bangalore,2022-09-28,Bronze,9214929002,true
C052,Arjun,Rao,arjun.rao52@gmail.com,Chennai,Chennai,2023-09-12,Bronze,9468164906,true
C053,Riya,Rao,riya.rao53@gmail.com,Jaipur,Jaipur,2023-05-16,Bronze,9154544899,true
C054,Mohit,Rao,mohit.rao54@gmail.com,Mumbai,Mumbai,2022-01-04,Bronze,9240466536,true
C055,Ishaan,Gupta,ishaan.gupta55@gmail.com,Ahmedabad,Ahmedabad,2023-07-19,Gold,9702269164,false
C056,Amit,Kumar,amit.kumar56@gmail.com,Jaipur,Jaipur,2022-02-06,Gold,9725464884,true
C057,Mohit,Kumar,mohit.kumar57@gmail.com,Mumbai,Mumbai,2022-11-12,Bronze,9954829815,true
C058,Aditi,Reddy,aditi.reddy58@gmail.com,Hyderabad,Hyderabad,2023-11-30,Bronze,9210373808,true
C059,Priya,Agarwal,priya.agarwal59@gmail.com,Surat,Surat,2022-06-08,Platinum,9354194771,true
C060,Shreya,Gupta,shreya.gupta60@gmail.com,Kolkata,Kolkata,2022-01-26,Bronze,9456681425,true
C061,Mohit,Mehta,mohit.mehta61@gmail.com,Chennai,Chennai,2022-06-13,Gold,9216066793,true
C062,Aditi,Bose,aditi.bose62@gmail.com,Hyderabad,Hyderabad,2022-07-24,Gold,9594246837,true
C063,Sneha,Mehta,sneha.mehta63@gmail.com,Hyderabad,Hyderabad,2022-01-25,Silver,9527849588,true
C064,Suresh,Patel,suresh.patel64@gmail.com,Chennai,Chennai,2022-12-26,Silver,9529151399,true
C065,Sneha,Malhotra,sneha.malhotra65@gmail.com,Pune,Pune,2022-01-29,Bronze,9380477683,true
C066,Ishaan,Verma,ishaan.verma66@gmail.com,Delhi,Delhi,2023-09-03,Silver,9882269302,true
C067,Mohit,Tiwari,mohit.tiwari67@gmail.com,Jaipur,Jaipur,2022-04-29,Bronze,9719106699,true
C068,Aditi,Agarwal,aditi.agarwal68@gmail.com,Mumbai,Mumbai,2023-06-17,Platinum,9678158427,true
C069,Sandeep,Joshi,sandeep.joshi69@gmail.com,Pune,Pune,2023-03-18,Bronze,9813219781,true
C070,Rajesh,Iyer,rajesh.iyer70@gmail.com,Delhi,Delhi,2022-11-04,Silver,9816070802,true
C071,Meera,Nair,meera.nair71@gmail.com,Jaipur,Jaipur,2022-05-11,Bronze,9813962536,true
C072,Rohit,Gupta,rohit.gupta72@gmail.com,Surat,Surat,2023-08-06,Bronze,9688343096,true
C073,Kavya,Nair,kavya.nair73@gmail.com,Hyderabad,Hyderabad,2023-03-17,Gold,9751397897,true
C074,Neha,Pandey,neha.pandey74@gmail.com,Ahmedabad,Ahmedabad,2023-11-23,Bronze,9608079792,true
C075,Shreya,Gupta,shreya.gupta75@gmail.com,Delhi,Delhi,2022-10-18,Silver,9779615069,true
C076,Amit,Mehta,amit.mehta76@gmail.com,Chennai,Chennai,2022-08-19,Gold,9258220114,false
C077,Gaurav,Bose,gaurav.bose77@gmail.com,Surat,Surat,2022-03-16,Silver,9776205431,true
C078,Sahil,Mishra,sahil.mishra78@gmail.com,Ahmedabad,Ahmedabad,2023-02-14,Bronze,9804436922,true
C079,Tanvi,Singh,tanvi.singh79@gmail.com,Kolkata,Kolkata,2022-08-13,Bronze,9847229579,true
C080,Aditi,Malhotra,aditi.malhotra80@gmail.com,Hyderabad,Hyderabad,2022-05-05,Silver,9960514523,true
C081,Pooja,Malhotra,pooja.malhotra81@gmail.com,Surat,Surat,2022-11-21,Platinum,9575209597,true
C082,Sandeep,Chopra,sandeep.chopra82@gmail.com,Kolkata,Kolkata,2023-07-16,Silver,9270894498,true
C083,Nikhil,Pandey,nikhil.pandey83@gmail.com,Chennai,Chennai,2022-09-11,Gold,9397760792,true
C084,Pooja,Bose,pooja.bose84@gmail.com,Hyderabad,Hyderabad,2022-10-09,Silver,9866162966,true
C085,Ishaan,Iyer,ishaan.iyer85@gmail.com,Pune,Pune,2023-07-08,Bronze,9261953189,true
C086,Sahil,Kumar,sahil.kumar86@gmail.com,Hyderabad,Hyderabad,2022-03-07,Silver,9455281184,true
C087,Mohit,Verma,mohit.verma87@gmail.com,Hyderabad,Hyderabad,2023-03-07,Bronze,9926561919,true
C088,Sahil,Sharma,sahil.sharma88@gmail.com,Surat,Surat,2023-01-25,Silver,9477698143,true
C089,Meera,Agarwal,meera.agarwal89@gmail.com,Jaipur,Jaipur,2023-07-14,Gold,9336801619,true
C090,Ishaan,Agarwal,ishaan.agarwal90@gmail.com,Ahmedabad,Ahmedabad,2022-01-30,Bronze,9818197581,true
C091,Meera,Gupta,meera.gupta91@gmail.com,Ahmedabad,Ahmedabad,2022-05-11,Platinum,9673510887,false
C092,Meera,Saxena,meera.saxena92@gmail.com,Surat,Surat,2023-11-10,Bronze,9790147183,true
C093,Suresh,Pandey,suresh.pandey93@gmail.com,Bangalore,Bangalore,2022-02-21,Bronze,9451492250,true
C094,Kiran,Iyer,kiran.iyer94@gmail.com,Kolkata,Kolkata,2022-10-12,Gold,9993271900,true
C095,Sneha,Patel,sneha.patel95@gmail.com,Ahmedabad,Ahmedabad,2022-01-20,Gold,9155926488,true
C096,Manish,Mehta,manish.mehta96@gmail.com,Delhi,Delhi,2023-10-30,Bronze,9133318206,true
C097,Divya,Sharma,divya.sharma97@gmail.com,Surat,Surat,2022-06-06,Bronze,9608482316,true
C098,Rahul,Joshi,rahul.joshi98@gmail.com,Ahmedabad,Ahmedabad,2022-09-20,Gold,9280162221,true
C099,Sandeep,Singh,sandeep.singh99@gmail.com,Bangalore,Bangalore,2022-11-15,Bronze,9127571992,true
C100,Rahul,Mishra,rahul.mishra100@gmail.com,Kolkata,Kolkata,2022-07-23,Bronze,9841541582,true
